experiment,n_episodes,mean_reward,std_reward,mean_length,mean_time_to_goal,success_rate,agg_mean_reward,agg_std_reward,agg_mean_length,agg_mean_inputs,agg_mean_time_to_goal,agg_total_deaths,agg_levels_completed,agg_mean_distance_traveled,agg_mean_unique_tiles,agg_mean_max_x_velocity,agg_mean_max_y_velocity,agg_mean_max_momentum
a2c_baseline_speedrunner,20,-48.7115,0.7924796195287432,389.85,,0.0,-48.7115,0.7924796195287427,389.85,389.85,,20,0,320.2502200137824,260.1,22.869583129882812,75.0,78.70396423339844
a2c_speedrunner,20,-48.7555,0.8160525976340393,398.95,,0.0,-48.7555,0.816052597634039,398.95,398.95,,20,0,313.6280391194858,262.4,22.869583129882812,72.3,75.67012023925781
a2c_survivor,20,-61.20499999999976,40.89351351215063,292.75,,0.0,-61.20499999999976,40.89351351215063,292.75,292.75,,20,0,229.44730632845312,191.2,15.799165725708008,50.0,52.25519943237305
ppo_baseline_speedrunner,20,-48.565000000000005,0.7470397720688188,418.1,,0.0,-48.565000000000005,0.7470397720688187,418.1,418.1,,20,0,348.10413403762504,281.55,24.283666610717773,80.0,83.4205093383789
ppo_speedrunner,20,-49.269499999999105,1.5650776843001388,3750.25,,0.0,-49.269499999999105,1.5650776843001388,3750.25,3750.25,,5,0,581.829531578254,36.8,4.491000080108643,20.69999885559082,21.49100112915039
ppo_survivor,20,23.672500000005364,221.6066420692674,963.3,,0.0,23.672500000005364,221.6066420692674,963.3,963.3,,17,0,511.2554130299483,247.3,18.627330780029297,48.0,53.03779983520508
